{"sidebar-196191":{"woocommerce_price_filter-1":{"title":"FILTER BY PRICE"},"woocommerce_widget_cart-1":{"title":"CART","hide_if_empty":"1"},"woocommerce_top_rated_products-1":{"title":"TOP RATED PRODUCTS","number":"5"},"woocommerce_recently_viewed_products-1":{"title":"RECENTLY VIEW PRODUCTS","number":"10"},"woocommerce_product_tag_cloud-1":{"title":"PRODUCTS TAGS"},"woocommerce_product_search-1":{"title":"SEARCH"}},"sidebar-112841":{"search-5":{"title":"Search"},"text-4":{"title":"FREE TEXT","text":"We are excited to launch our new company and product Ooooh. After being featured in too many magazines to mention and having created an online stir, we know that Ooooh is going to be big.","filter":true},"tag_cloud-3":{"title":"TAG CLOUD","taxonomy":"post_tag"},"recent-posts-7":{"title":"RECENT POST","number":5,"show_date":true},"categories-6":{"title":"CATEGORIES","count":0,"hierarchical":0,"dropdown":0},"archives-4":{"title":"ARCHIVES","count":0,"dropdown":0}},"sidebar-169618":{"recent-posts-6":{"title":"LATEST BLOG NEWS","number":3,"show_date":true}},"sidebar-954233":{"tag_cloud-2":{"title":"TAGS","taxonomy":"post_tag"}},"sidebar-335410":{"categories-4":{"title":"Categories","count":1,"hierarchical":0,"dropdown":0}},"sidebar-712210":{"recent-comments-3":{"title":"RECENT COMMENTS","number":3}},"sidebar-187173":{"most-recommended-posts-1":{"title":"RECOMMENDED POSTS","number":"5","show_count":false}},"sidebar-134023":{"text-5":{"title":"ABOUT US","text":"We design and develop themes for customers of all sizes, specializing in creating stylish, modern websites, web portfolios and e-commerce stores. We create a website that stands out.","filter":false}},"sidebar-1":{"search-6":{"title":""},"text-6":{"title":"FREE TEXT","text":"Energistically benchmark focused growth strategies via superior supply chains. Compellingly reintermediate mission-critical potentialities whereas cross functional scenarios. Phosfluorescently re-engineer distributed processes without standardized supply chains. ","filter":true},"recent-posts-8":{"title":"RECENT POSTS","number":5,"show_date":false},"categories-7":{"title":"CATEGORIES","count":0,"hierarchical":0,"dropdown":0},"meta-2":{"title":"META"}}}